{"cameraMode":{"drawMode":0,"name":"Shaded","section":"Shading Mode"},"sceneLighting":false,"audioPlay":false,"sceneViewState":{"m_AlwaysRefresh":false,"showFog":true,"showSkybox":false,"showFlares":true,"showImageEffects":true,"showParticleSystems":true,"showVisualEffectGraphs":true,"m_FxEnabled":true},"in2DMode":false,"pivot":{"x":0.16916656494140626,"y":2.326275587081909,"z":0.2471771240234375},"rotation":{"x":-0.05177021771669388,"y":0.16346043348312379,"z":0.00859687477350235,"w":0.9852092266082764},"size":3.1232738494873049,"orthographic":false}